,Product, Price ,Ratings,Score,Response_Rate,Related_TopicSeller
0,"Sterling Silver or Gold Filled Stackable Ring, Dainty Adjustable Ring, Thin Gold Spiral Ring, Minimalist Ring, Textured Ring.", $10.84+ ,-1844,5 out of 5 stars,This seller usually responds within 24 hours.,
1,Personalized Wearable Magnetic Name Tags. Your Logo and Names. Get a Spare for 3.99., $7.99+ ,-1159,5 out of 5 stars,[],
2,Yoga Running Headband - Wild Abandon Print - Workout Headband - Fitness Wide Nonslip Headband, $7.00 ,-12338,5 out of 5 stars,This seller usually responds within 24 hours.,
3,Custom Baby Name Baby Blocks Nursery Baby Shower Gift, $3.40+ ,-2525,5 out of 5 stars,This seller usually responds within a few hours.,
4,"The OG Slightly Bitter, enamel pin", $8.55 ,-660,5 out of 5 stars,[],
5,Personalized Leather Keychain. Custom Leather Keychain. Monogrammed Leather Keychain. Handmade in USA. Gold and Silver Foil Available. Fob., $6.37+ ,-6258,5 out of 5 stars,This seller usually responds within a few hours.,
6,Personalized Groomsmen Gift Dopp Kit Bag Wedding Gift for him Leather Toiletry Bag  Monogram Mens Toiletry Bag Leather Mens Best man Gift, $36.00+ ,-21440,5 out of 5 stars,This seller usually responds within 24 hours.,
7,Bridal set rings yellow gold-Diamond wedding set 1.50 carat-Cluster wedding ring set-Promise ring-Art deco wedding ring set-Custom ring," $2,650.00+ ",-83,5 out of 5 stars,This seller usually responds within 24 hours.,
8,Satin Wide Flat Band in Sterling Silver, $68.40 ,-766,5 out of 5 stars,This seller usually responds within 24 hours.,
9,60% Off ALMOST PERFECT  Totes Leather Bag - HUGE Sale Tote with or without Zipper Leather Tote Pocket for Women Leather Tote Leather Bag, $89.60+ ,-21440,5 out of 5 stars,This seller usually responds within 24 hours.,
10,"Bestie bunnies Sweatshirt, Rabbit Shirt, Bunny Sweater, Rabbit Gift, Bestie Gift, Girlfriend Gift, Yoga Top, Girlfriend Gift", $40.00+ ,-13428,5 out of 5 stars,This seller usually responds within 24 hours.,
11,"Large Brown Leather Handbag Tote, Leather Shoulder Bag, Leather Bag, Leather Purse, by The Leather Store", $175.00 ,-6830,5 out of 5 stars,[],
12,"Cigar Case With Cutter, Personalized Cigar Gifts, Custom Cigar Case, Engraved Cigar Holder, Leather Cigar Case, Cigar Accessories", $26.99 ,-8035,5 out of 5 stars,This seller usually responds within a few hours.,
13,Vintage Light High Waisted Shorts, $16.80+ ,-1165,4.5 out of 5 stars,This seller usually responds within a few hours.,
14,"Wild One, Boho Birthday, Girl Birthday Dress, First Birthday, 1st Birthday, Fringe Birthday Dress, Tribal Birthday, Floral Skull Shirt, Girl", $19.99+ ,-4347,5 out of 5 stars,This seller usually responds within a few hours.,
15,"Father of the bride gift, personalized socks, special socks for a special walk, dad of the bride gift, wedding accessories.", $9.00+ ,-1691,5 out of 5 stars,This seller usually responds within 24 hours.,
16,Luggage tags personalized luggage tag Leather luggage tag wedding favor bridesmaid gift Luggage tags bulk luggage tag favors, $9.50 ,-3598,5 out of 5 stars,This seller usually responds within 24 hours.,
17,"LUGGAGE TAGS | Cinderella Blue leather, and so the Adventure Begins, for weddings, bridal or baby showers, gold imprint & buckles", $3.65+ ,-551,5 out of 5 stars,This seller usually responds within a few hours.,
18,Monogram Sherpa Pullover, $42.00 ,-2331,5 out of 5 stars,This seller usually responds within 24 hours.,
19,"Thankful Grateful and Blessed Shirt, Thankful Shirt, Give Thanks T-Shirt, Thanksgiving Shirt, Thanksgiving, Fall Raglan, Blessed Shirt,", $25.00+ ,-2498,5 out of 5 stars,This seller usually responds within a few hours.,
20,"Customization INCLUDED, Bridesmaid Gift, Lace Trim Satin Bridesmaids Robes, Wedding Favors, Bridesmaid Proposal, Bride Robe, Wedding Gift", $20.79+ ,-678,5 out of 5 stars,This seller usually responds within a few hours.,
21,"Turquoise canvas messenger bag screen print shoulder bag crossbody purse women personalized satchel book bag ipad bag, gift for her", $42.50 ,-1018,5 out of 5 stars,This seller usually responds within a few hours.,
22,"Watercolor clouds lingerie, something bleu bridal bralette, modern minimalist panties", $74.41 ,-62,5 out of 5 stars,This seller usually responds within 24 hours.,
23,"Leather Tote Gray HUGE SALE , Tote w Zipper and Pocket, Laptop Work Student Bag, Personalized Leather Purse Shoulder Bag, Pegai LaSalle", $99.50+ ,-3000,5 out of 5 stars,This seller usually responds within 24 hours.,
24,Personalized Teacher Desk Name Plate - Teacher gift, $11.99 ,-3958,5 out of 5 stars,This seller usually responds within a few hours.,
25,"Personalized Quote Sign, Custom Wood Sign, Custom Quote Sign, Inspirational Quote Board, Inspirational Sign,", $34.99 ,-269,5 out of 5 stars,This seller usually responds within a few hours.,
26,Teacher Gifts  2708D Teacher Change Supply Wood Box, $5.95 ,-2999,5 out of 5 stars,This seller usually responds within a few hours.,
27,Wood Name Sign | Custom Name Sign | Handwritten Modern Font | Personalized Wood Name Sign | Wooden Name Children's Name sign, $23.99+ ,-1650,5 out of 5 stars,This seller usually responds within 24 hours.,
28,"Custom portrait of couple, Custom couple illustration, personalized portrait, family illustration with pets, wedding gift, wedding portrait", $60.00+ ,-9001,5 out of 5 stars,[],
29,"Mom Gift from Kid, Birthday Gift for Mom, Christmas Gift, Mother Gift, Mother Day Gift Personalize, Mom from Daughter, Mom Gift from Son", $34.00+ ,-718,5 out of 5 stars,This seller usually responds within 24 hours.,
30,"Healing Crystals and Stones Gift Set/Includes 7 Chakra tumbles, Crystal Pendulum, Amethyst Cluster, Raw Rose Quartz, and Crystal Point", $20.02 ,-22609,5 out of 5 stars,This seller usually responds within 24 hours.,
31,Personalized Charcuterie Boards - 5 Styles and Gift Sets Available by Left Coast Original, $26.40+ ,-3646,5 out of 5 stars,This seller usually responds within a few hours.,
32,Personalized Christmas Stocking Farmhouse Christmas Stocking Personalized Wood Slice Name Tag Cone Ticking Rustic Christmas Stocking, $31.95+ ,-579,5 out of 5 stars,This seller usually responds within a few hours.,
33,Custom Quote Print Framed- Christmas Gift for Boyfriend- Signs for Home- Rustic Home Decor Wall Decor- Custom Print Quote-Gallery Wall Decor, $17.49+ ,-2302,5 out of 5 stars,This seller usually responds within 24 hours.,
34,Wood Wall Art - Reclaimed Wood Art Queen Headboard - Wood Sculpture, $825.00+ ,-363,5 out of 5 stars,This seller usually responds within 24 hours.,
35,"Starfish Decor, Starfish Towel Holder, Towel Ring, Nautical Bathroom, Nautical Decor, Starfish Wall Decor, Nautical Bathroom Decor", $22.06 ,-2385,5 out of 5 stars,This seller usually responds within 24 hours.,
36,Birthday Chocolates - Birthday Gift for Mom - Happy Birthday Mom Chocolates - Chocolate Flowers - Gift for Her, $33.50 ,-844,5 out of 5 stars,This seller usually responds within a few hours.,
37,"Herringbone Turkish Towel, Christmas Gift, Unique Gift, Bridesmaid Gift, Bachelorette Party Favor, Wedding Favor, Beach Towel, blk", $13.98 ,-1989,5 out of 5 stars,This seller usually responds within a few hours.,
38,"40th Birthday Gift for Man - 40th Birthday Gifts For Husband, For Him, Men, For Dad, PRINTABLES, Party Decorations, Guest Book, DOWNLOAD", $8.00 ,-845,5 out of 5 stars,This seller usually responds within a few hours.,
39,Home Sweet Home Door Hanger - Wreath - Housewarming Gift - Wall Hanging - Dorm Room - Wedding Gift - Birthday Gift, $53.99 ,-6804,5 out of 5 stars,This seller usually responds within 24 hours.,
40,"Christmas cat with an ornament, Happy Christmas, Christmas decoration, cute cat, dxf cut file, scanncut fcm, svg cricut, vinyl craft,", $3.15 ,-223,5 out of 5 stars,This seller usually responds within a few hours.,
41,Montessori baby toys - Animals, $23.71 ,-1420,5 out of 5 stars,This seller usually responds within 24 hours.,
42,"Baby amigurumi Bunny,crochet bunny and crochet toy for a newborn or child gift,newborn shower", $45.79 ,-309,5 out of 5 stars,[],
43,On The Loom: A Weavers Guide, $30.00 ,-807,5 out of 5 stars,This seller usually responds within 24 hours.,
44,"12""x 15"" */ 1-sheet / Siser EasyWeed  HTV", $3.50 ,-47846,5 out of 5 stars,This seller usually responds within 24 hours.,
45,"Pick Holder; Pick Case; Wooden Pick Holders for Guitars, Banjos, Dobros, Mandolins & Ukuleles; Box for Picks: Gift for Musicians; Christmas", $35.00+ ,-674,5 out of 5 stars,This seller usually responds within 24 hours.,
46,"Watercolor Weather Sticker Kit, Weather Planner Stickers, Weather Sticker Set, Sunny Weather Icon, Rain Planner Sticker, Sun Sticker WWC1", $3.20+ ,-9282,5 out of 5 stars,[],
47,"Vintage French Ephemera Pack, Grunge Digital Paper, Antique Newspaper, Commercial Use OK, Instant Download, Worn Textures, Digital Scrapbook", $7.20 ,-731,5 out of 5 stars,[],
48,Personalized Baby Gifts  | Newborn Baby Shower Gift or Bedtime Book | BK280, $34.99 ,-2389,5 out of 5 stars,This seller usually responds within 24 hours.,
49,"VALUE PACK Fairy Lights with replaceable batteries. You pick quantity. 10 LEDs per wire, warm white lights for mason jars or crafts (REP10)", $1.44+ ,-2369,5 out of 5 stars,This seller usually responds within a few hours.,
50,"Wooden Docking Station, Unique holiday gift, Christmas, New Year, Birthday, Gift for Men, husband/wife, Anniversary Gift, Fathers Day Gift", $48.90+ ,-1010,5 out of 5 stars,This seller usually responds within 24 hours.,
51,"Personalised book mark, stamped Aluminium, customised bookmark, readers gift, book lover, coloured tassel, page marker, Christmas present", $10.69 ,-2597,5 out of 5 stars,This seller usually responds within a few hours.,
52,"Low Poly Papercraft (2 PDF patterns), cat papercraft - DIY this cute couple of 3D paper sculptures as first anniversary gift for cat lovers", $13.74 ,-655,5 out of 5 stars,This seller usually responds within a few hours.,
53,"Personalized knife, Gun Knife with LED, pocket knife, engraved knife, folding knife, gift for him, groomsmen gifts, groomsmen knives, knife", $19.99 ,-2611,5 out of 5 stars,This seller usually responds within 24 hours.,